shujuku,instanceid,login,from_time_ms,to_time_ms,granularity,limit,cursor,db_result_max_rows,instance_id,platform,position_id,position_lifecycle_id,order_id,side,symbol,symbol_id,volume_lots,open_price,close_price,open_time_ms,close_time_ms,profit,account_currency,open_notional_value_usd,close_notional_value_usd,notional_status,notional_method,notional_calculation_version
1,MT5_1,197532,1780272000000,1798646399000,deal,1000,,50000,MT5_1,mt5,,,,,,,,,,,,,,,,,,
1,MT5_1,4170,1780272000000,1798646399000,deal,1000,,50000,MT5_1,mt5,,,,,,,,,,,,,,,,,,
1,MT4_1,5283,1780272000000,1798646399000,deal,1000,,50000,MT4_1,mt4,,,,,,,,,,,,,,,,,,
1,MT5_1,197314,1780272000000,1798646399000,deal,1000,,50000,MT5_1,mt5,,,,,,,,,,,,,,,,,,
1,MT4_1,5283,1780272000000,1798646399000,deal,1000,,50000,MT5_1,mt4,,,,,,,,,,,,,,,,,,
1,MT5_1,4133,1780272000000,1798646399000,deal,1000,,50000,MT5_1,mt5,,,,,,,,,,,,,,,,,,
1,MT4_1,5218,1780272000000,1798646399000,deal,1000,,50000,MT5_1,mt4,,,,,,,,,,,,,,,,,,
1,MT5_1,880043,1780272000000,1798646399000,deal,1000,,50000,MT5_1,mt5,,,,,,,,,,,,,,,,,,
1,MT4_1,5285,1780272000000,1798646399000,deal,1000,,50000,MT5_1,mt4,,,,,,,,,,,,,,,,,,
1,MT4_1,1131,1780272000000,1798646399000,deal,1000,,50000,MT5_1,mt4,,,,,,,,,,,,,,,,,,
1,MT4_1,5218,1780272000000,1798646399000,deal,1000,,50000,MT5_1,mt4,,,,,,,,,,,,,,,,,,
1,MT4_1,3028,1780272000000,1798646399000,deal,1000,,50000,MT5_1,mt4,,,,,,,,,,,,,,,,,,
1,MT5_1,197183,1780272000000,1798646399000,deal,1000,,50000,MT5_1,mt5,,,,,,,,,,,,,,,,,,
1,MT4_1,1119,1780272000000,1798646399000,deal,1000,,50000,MT5_1,mt4,,,,,,,,,,,,,,,,,,
1,MT5_1,4060,1780272000000,1798646399000,deal,1000,,50000,MT5_1,mt5,,,,,,,,,,,,,,,,,,
1,MT5_1,197368,1780272000000,1798646399000,deal,1000,,50000,MT5_1,mt5,,,,,,,,,,,,,,,,,,
1,MT5_1,197374,1780272000000,1798646399000,deal,1000,,50000,MT5_1,mt5,,,,,,,,,,,,,,,,,,
1,MT5_1,197184,1780272000000,1798646399000,deal,1000,,50000,MT5_1,mt5,,,,,,,,,,,,,,,,,,
1,MT5_1_TS1,780011,1780272000000,1798646399000,deal,1000,,50000,MT5_1_TS1,mt5,,,,,,,,,,,,,,,,,,
1,MT5_1_TS2,197350,1780272000000,1798646399000,deal,1000,,50000,MT5_1_TS2,mt5,,,,,,,,,,,,,,,,,,
1,MT5_1_TS2,197409,1780272000000,1798646399000,deal,1000,,50000,MT5_1_TS2,mt5,,,,,,,,,,,,,,,,,,
1,MT5_1_TS1,780353,1780272000000,1798646399000,deal,1000,,50000,MT5_1,mt5,,,,,,,,,,,,,,,,,,
1,MT5_1_TS2,197350,1780272000000,1798646399000,deal,1000,,50000,MT5_1,mt5,,,,,,,,,,,,,,,,,,
1,MT5_1_TS1,780278,1780272000000,1798646399000,deal,1000,,50000,MT5_1_TS1,mt5,,,,,,,,,,,,,,,,,,
1,MT5_1_TS1,780283,1780272000000,1798646399000,deal,1000,,50000,MT5_1_TS1,mt5,,,,,,,,,,,,,,,,,,
1,MT5_1_TS1,780284,1780272000000,1798646399000,deal,1000,,50000,MT5_1_TS1,mt5,,,,,,,,,,,,,,,,,,
1,MT5_1_TS1,780288,1780272000000,1798646399000,deal,1000,,50000,MT5_1_TS1,mt5,,,,,,,,,,,,,,,,,,
1,MT5_1_TS1,780291,1780272000000,1798646399000,deal,1000,,50000,MT5_1_TS1,mt5,,,,,,,,,,,,,,,,,,
1,MT5_1_TS1,780298,1780272000000,1798646399000,deal,1000,,50000,MT5_1_TS1,mt5,,,,,,,,,,,,,,,,,,
1,MT5_1_TS1,780302,1780272000000,1798646399000,deal,1000,,50000,MT5_1_TS1,mt5,,,,,,,,,,,,,,,,,,
1,MT5_1_TS1,780307,1780272000000,1798646399000,deal,1000,,50000,MT5_1_TS1,mt5,,,,,,,,,,,,,,,,,,
1,MT5_1_TS1,780314,1780272000000,1798646399000,deal,1000,,50000,MT5_1_TS1,mt5,,,,,,,,,,,,,,,,,,
1,MT5_1_TS1,780318,1780272000000,1798646399000,deal,1000,,50000,MT5_1_TS1,mt5,,,,,,,,,,,,,,,,,,
1,MT5_1_TS1,780322,1780272000000,1798646399000,deal,1000,,50000,MT5_1_TS1,mt5,,,,,,,,,,,,,,,,,,
1,MT5_1_TS1,780323,1780272000000,1798646399000,deal,1000,,50000,MT5_1_TS1,mt5,,,,,,,,,,,,,,,,,,
1,MT5_1_TS1,780326,1780272000000,1798646399000,deal,1000,,50000,MT5_1_TS1,mt5,,,,,,,,,,,,,,,,,,
1,MT5_1_TS1,780330,1780272000000,1798646399000,deal,1000,,50000,MT5_1_TS1,mt5,,,,,,,,,,,,,,,,,,
1,MT5_1_TS1,780331,1780272000000,1798646399000,deal,1000,,50000,MT5_1_TS1,mt5,,,,,,,,,,,,,,,,,,
1,MT5_1_TS1,780332,1780272000000,1798646399000,deal,1000,,50000,MT5_1_TS1,mt5,,,,,,,,,,,,,,,,,,
1,MT5_1_TS1,780334,1780272000000,1798646399000,deal,1000,,50000,MT5_1_TS1,mt5,,,,,,,,,,,,,,,,,,
1,MT5_1_TS1,780335,1780272000000,1798646399000,deal,1000,,50000,MT5_1_TS1,mt5,,,,,,,,,,,,,,,,,,
1,MT5_1_TS1,780301,1780272000000,1798646399000,deal,1000,,50000,MT5_1_TS1,mt5,,,,,,,,,,,,,,,,,,
1,MT5_1_TS1,780338,1780272000000,1798646399000,deal,1000,,50000,MT5_1_TS1,mt5,,,,,,,,,,,,,,,,,,
1,MT5_1_TS1,780340,1780272000000,1798646399000,deal,1000,,50000,MT5_1_TS1,mt5,,,,,,,,,,,,,,,,,,
1,MT5_1_TS1,780344,1780272000000,1798646399000,deal,1000,,50000,MT5_1_TS1,mt5,,,,,,,,,,,,,,,,,,
1,MT5_1_TS1,780346,1780272000000,1798646399000,deal,1000,,50000,MT5_1_TS1,mt5,,,,,,,,,,,,,,,,,,
1,MT5_1_TS1,780090,1780272000000,1798646399000,deal,1000,,50000,MT5_1_TS1,mt5,,,,,,,,,,,,,,,,,,
1,MT5_1_TS1,780353,1780272000000,1798646399000,deal,1000,,50000,MT5_1_TS1,mt5,,,,,,,,,,,,,,,,,,
1,MT5_1_TS1,780279,1780272000000,1798646399000,deal,1000,,50000,MT5_1_TS1,mt5,,,,,,,,,,,,,,,,,,
1,MT5_1_TS1,780357,1780272000000,1798646399000,deal,1000,,50000,MT5_1_TS1,mt5,,,,,,,,,,,,,,,,,,
1,MT5_1_TS1,780058,1780272000000,1798646399000,deal,1000,,50000,MT5_1_TS1,mt5,,,,,,,,,,,,,,,,,,
1,MT5_1_TS1,780360,1780272000000,1798646399000,deal,1000,,50000,MT5_1_TS1,mt5,,,,,,,,,,,,,,,,,,
1,MT5_1_TS1,780342,1780272000000,1798646399000,deal,1000,,50000,MT5_1_TS1,mt5,,,,,,,,,,,,,,,,,,
1,MT5_1_TS1,780366,1780272000000,1798646399000,deal,1000,,50000,MT5_1_TS1,mt5,,,,,,,,,,,,,,,,,,
1,MT5_1_TS1,780367,1780272000000,1798646399000,deal,1000,,50000,MT5_1_TS1,mt5,,,,,,,,,,,,,,,,,,
1,MT5_1_TS1,780339,1780272000000,1798646399000,deal,1000,,50000,MT5_1_TS1,mt5,,,,,,,,,,,,,,,,,,
1,MT5_1_TS1,780308,1780272000000,1798646399000,deal,1000,,50000,MT5_1_TS1,mt5,,,,,,,,,,,,,,,,,,
1,MT5_1_TS1,780352,1780272000000,1798646399000,deal,1000,,50000,MT5_1_TS1,mt5,,,,,,,,,,,,,,,,,,
1,MT5_1_TS1,780361,1780272000000,1798646399000,deal,1000,,50000,MT5_1_TS1,mt5,,,,,,,,,,,,,,,,,,
1,MT5_1_TS1,780368,1780272000000,1798646399000,deal,1000,,50000,MT5_1_TS1,mt5,,,,,,,,,,,,,,,,,,
1,MT5_1_TS1,780333,1780272000000,1798646399000,deal,1000,,50000,MT5_1_TS1,mt5,,,,,,,,,,,,,,,,,,
1,MT5_1_TS1,780355,1780272000000,1798646399000,deal,1000,,50000,MT5_1_TS1,mt5,,,,,,,,,,,,,,,,,,
1,MT5_1_TS1,780369,1780272000000,1798646399000,deal,1000,,50000,MT5_1_TS1,mt5,,,,,,,,,,,,,,,,,,
1,MT5_1_TS1,780362,1780272000000,1798646399000,deal,1000,,50000,MT5_1_TS1,mt5,,,,,,,,,,,,,,,,,,
1,MT5_1_TS1,780370,1780272000000,1798646399000,deal,1000,,50000,MT5_1_TS1,mt5,,,,,,,,,,,,,,,,,,
1,MT5_1_TS1,780292,1780272000000,1798646399000,deal,1000,,50000,MT5_1_TS1,mt5,,,,,,,,,,,,,,,,,,
1,MT5_1_TS1,780373,1780272000000,1798646399000,deal,1000,,50000,MT5_1_TS1,mt5,,,,,,,,,,,,,,,,,,
1,MT5_1_TS1,780376,1780272000000,1798646399000,deal,1000,,50000,MT5_1_TS1,mt5,,,,,,,,,,,,,,,,,,
1,MT5_1_TS1,780377,1780272000000,1798646399000,deal,1000,,50000,MT5_1_TS1,mt5,,,,,,,,,,,,,,,,,,
1,MT5_1_TS1,780378,1780272000000,1798646399000,deal,1000,,50000,MT5_1_TS1,mt5,,,,,,,,,,,,,,,,,,
1,MT5_1_TS1,780380,1780272000000,1798646399000,deal,1000,,50000,MT5_1_TS1,mt5,,,,,,,,,,,,,,,,,,
1,MT5_1_TS1,780392,1780272000000,1798646399000,deal,1000,,50000,MT5_1_TS1,mt5,,,,,,,,,,,,,,,,,,
1,MT5_1_TS1,780393,1780272000000,1798646399000,deal,1000,,50000,MT5_1_TS1,mt5,,,,,,,,,,,,,,,,,,
1,MT5_1_TS1,780348,1780272000000,1798646399000,deal,1000,,50000,MT5_1_TS1,mt5,,,,,,,,,,,,,,,,,,
1,MT5_1_TS1,780350,1780272000000,1798646399000,deal,1000,,50000,MT5_1_TS1,mt5,,,,,,,,,,,,,,,,,,
1,MT5_1_TS1,780356,1780272000000,1798646399000,deal,1000,,50000,MT5_1_TS1,mt5,,,,,,,,,,,,,,,,,,
