shujuku,order_instanceid_val,order_login,orderId,orderType,symbol,swap,currentPrice,openPrice,login,volume,closeTime,sl,closePrice,position,openTime,tp,profit
1,MT5_1,5000001,,,,,,,,,,,,,,,
1,MT4_1,300610,,,,,,,,,,,,,,,
1,MT5_1,880000,,,,,,,,,,,,,,,
1,MT4_1,1119,,,,,,,,,,,,,,,
1,MT4_1,5285,,,,,,,,,,,,,,,
1,MT5_1,4133,,,,,,,,,,,,,,,
0,MT4_1,1070,69851,2,AUDUSD,0,0.70451,0.72423,1070,1,0,0,0,69851,1778663299,0,0
0,MT5_1,5000001,477543,4,USDCAD,0,1.39405,1.67403,5000001,50000,0,1.67375,0,0,1774360076,1.6742,0
0,MT5_1,4042,1045107,4,GBPUSD,0,1.33414,1.4789,4042,50000,0,0,0,0,1778847019,0,0
